1,Guilherme,guilherme@guilherme.com.br
2,Elias,elias@elias.com.br
3,Gabriel,gabriel@gabriel.com.br
4,Anderson,anderson@anderson.com.br
5,Alex,alex@alex.com.br
6,Vini,vini@vini.com.br
7,Let�cia,leticia@leticia.com.br
8,Giulia,giulia@giulia.com.br
9,Felipe,felipe@felipe.com.br
10,Lu�sa,luisa@luisa13,Claudio,claudio@claudio.com.br
14,Carina,carina@carina.com.br
15,Felipe,felipe@felipe.com
16,André,andre@andre.com
13,Claudio,claudio@claudio.com.br
14,Carina,carina@carina.com.br
15,Felipe,felipe@felipe.com
16,André,andre@andre.com
